<?xml version="1.0" encoding="UTF-8" standalone="yes"?>
<addon id="script.eztv2pulsar" name="Pulsar [COLOR FF2658a8]EZTV2PULSAR[/COLOR]" version="0.3.4" provider-name="mancuniancol">
	<requires>
		<import addon="xbmc.python" version="2.12.0"/>
        <import addon="plugin.video.pulsar" version="0.3.1"/>
	</requires>
	<extension point="xbmc.python.script" library="main.py">
		<provides>executable</provides>
	</extension>
	<extension point="xbmc.service" library="service.py" start="login">
	</extension>
	<extension point="xbmc.addon.metadata">
		<summary lang="en">EZTV2PULSAR</summary>
		<description lang="en">This script creates .strm files from personalize list to be play for pulsar from the local library</description>
		<language></language>
		<platform>all</platform>
		<forum>http://forum.xbmc.org/showthread.php?tid=204728</forum>
		<disclaimer lang="en">It only works with Pulsar 0.3.1![CR]It is just for educational purpose[CR]Check if it is illegal in your country to use.</disclaimer>
		<license>GNU GENERAL PUBLIC LICENSE. Version 2, June 1991</license>
	</extension>
</addon>
